timestamp,path_label,target_load_mbps,qos_class,avg_rtt_ms,packet_loss_pct,is_anomaly
2026-08-21T13:52:40,PathD_50ms,100.87,VIP,154.37,0.0,1
2026-08-21T13:52:40,PathD_50ms,100.87,MEDIUM,227.111,0.0,1
2026-08-21T13:52:40,PathD_50ms,100.87,LOW,458.22,20.0,1
2026-08-21T13:52:43,PathD_50ms,91.45,VIP,154.232,0.0,1
2026-08-21T13:52:43,PathD_50ms,91.45,MEDIUM,355.902,40.0,1
2026-08-21T13:52:43,PathD_50ms,91.45,LOW,758.557,60.0,1
2026-08-21T13:52:45,PathD_50ms,77.85,VIP,155.142,0.0,1
2026-08-21T13:52:45,PathD_50ms,77.85,MEDIUM,155.139,0.0,1
2026-08-21T13:52:45,PathD_50ms,77.85,LOW,565.735,40.0,1
2026-08-21T13:52:47,PathD_50ms,72.18,VIP,155.027,0.0,1
2026-08-21T13:52:47,PathD_50ms,72.18,MEDIUM,155.054,0.0,1
2026-08-21T13:52:47,PathD_50ms,72.18,LOW,362.562,0.0,0
2026-08-21T13:52:49,PathD_50ms,80.33,VIP,154.205,0.0,1
2026-08-21T13:52:49,PathD_50ms,80.33,MEDIUM,154.223,0.0,1
2026-08-21T13:52:49,PathD_50ms,80.33,LOW,760.78,80.0,1
2026-08-21T13:52:52,PathD_50ms,80.33,VIP,154.235,0.0,1
2026-08-21T13:52:52,PathD_50ms,80.33,MEDIUM,154.233,0.0,1
2026-08-21T13:52:52,PathD_50ms,80.33,LOW,661.165,80.0,1
2026-08-21T13:52:53,PathD_50ms,81.93,VIP,154.382,0.0,1
2026-08-21T13:52:53,PathD_50ms,81.93,MEDIUM,154.386,0.0,1
2026-08-21T13:52:53,PathD_50ms,81.93,LOW,380.488,0.0,0
2026-08-21T13:52:54,PathD_50ms,81.93,VIP,154.218,0.0,1
2026-08-21T13:52:54,PathD_50ms,81.93,MEDIUM,154.25,0.0,1
2026-08-21T13:52:54,PathD_50ms,81.93,LOW,589.214,0.0,1
2026-08-21T13:52:56,PathD_50ms,82.77,VIP,154.239,0.0,1
2026-08-21T13:52:56,PathD_50ms,82.77,MEDIUM,154.212,0.0,1
2026-08-21T13:52:56,PathD_50ms,82.77,LOW,323.628,20.0,1
2026-08-21T13:52:59,PathD_50ms,82.77,VIP,154.235,0.0,1
2026-08-21T13:52:59,PathD_50ms,82.77,MEDIUM,154.225,0.0,1
2026-08-21T13:52:59,PathD_50ms,82.77,LOW,758.484,40.0,1
2026-08-21T13:53:01,PathD_50ms,92.69,VIP,154.232,0.0,1
2026-08-21T13:53:01,PathD_50ms,92.69,MEDIUM,154.283,0.0,1
2026-08-21T13:53:01,PathD_50ms,92.69,LOW,758.826,60.0,1
2026-08-21T13:53:02,PathD_50ms,88.4,VIP,154.238,0.0,1
2026-08-21T13:53:02,PathD_50ms,88.4,MEDIUM,266.935,0.0,1
2026-08-21T13:53:02,PathD_50ms,88.4,LOW,265.011,0.0,0
2026-08-21T13:53:05,PathD_50ms,88.4,VIP,154.235,0.0,1
2026-08-21T13:53:05,PathD_50ms,88.4,MEDIUM,355.223,20.0,1
2026-08-21T13:53:05,PathD_50ms,88.4,LOW,610.442,40.0,1
2026-08-21T13:53:07,PathD_50ms,73.81,VIP,154.169,0.0,1
2026-08-21T13:53:07,PathD_50ms,73.81,MEDIUM,355.751,20.0,1
2026-08-21T13:53:07,PathD_50ms,73.81,LOW,340.429,20.0,1
2026-08-21T13:53:10,PathD_50ms,73.81,VIP,154.184,0.0,1
2026-08-21T13:53:10,PathD_50ms,73.81,MEDIUM,154.259,0.0,1
2026-08-21T13:53:10,PathD_50ms,73.81,LOW,758.657,60.0,1
2026-08-21T13:53:12,PathD_50ms,68.09,VIP,154.218,0.0,1
2026-08-21T13:53:12,PathD_50ms,68.09,MEDIUM,154.172,0.0,1
2026-08-21T13:53:12,PathD_50ms,68.09,LOW,753.6,20.0,1
2026-08-21T13:53:14,PathD_50ms,68.09,VIP,154.172,0.0,1
2026-08-21T13:53:14,PathD_50ms,68.09,MEDIUM,154.242,0.0,1
2026-08-21T13:53:14,PathD_50ms,68.09,LOW,733.847,80.0,1
2026-08-21T13:53:17,PathD_50ms,77.95,VIP,154.211,20.0,1
2026-08-21T13:53:17,PathD_50ms,77.95,MEDIUM,154.311,20.0,1
2026-08-21T13:53:17,PathD_50ms,77.95,LOW,764.29,80.0,1
2026-08-21T13:53:20,PathD_50ms,81.76,VIP,154.187,20.0,1
2026-08-21T13:53:20,PathD_50ms,81.76,MEDIUM,155.023,0.0,1
2026-08-21T13:53:20,PathD_50ms,81.76,LOW,454.865,40.0,1
2026-08-21T13:53:22,PathD_50ms,75.37,VIP,154.213,0.0,1
2026-08-21T13:53:22,PathD_50ms,75.37,MEDIUM,154.228,0.0,1
2026-08-21T13:53:22,PathD_50ms,75.37,LOW,758.922,60.0,1
2026-08-21T13:53:23,PathD_50ms,76.61,VIP,154.334,0.0,1
2026-08-21T13:53:23,PathD_50ms,76.61,MEDIUM,154.38,0.0,1
2026-08-21T13:53:23,PathD_50ms,76.61,LOW,365.685,0.0,0
2026-08-21T13:53:26,PathD_50ms,77.76,VIP,154.271,0.0,1
2026-08-21T13:53:26,PathD_50ms,77.76,MEDIUM,154.25,0.0,1
2026-08-21T13:53:26,PathD_50ms,77.76,LOW,759.062,80.0,1
2026-08-21T13:53:29,PathD_50ms,73.37,VIP,154.216,0.0,1
2026-08-21T13:53:29,PathD_50ms,73.37,MEDIUM,154.2,0.0,1
2026-08-21T13:53:29,PathD_50ms,73.37,LOW,758.55,60.0,1
2026-08-21T13:53:31,PathD_50ms,86.9,VIP,154.459,0.0,1
2026-08-21T13:53:31,PathD_50ms,86.9,MEDIUM,154.44,0.0,1
2026-08-21T13:53:31,PathD_50ms,86.9,LOW,668.425,20.0,1
2026-08-21T13:53:34,PathD_50ms,85.93,VIP,154.277,0.0,1
2026-08-21T13:53:34,PathD_50ms,85.93,MEDIUM,154.223,0.0,1
2026-08-21T13:53:34,PathD_50ms,85.93,LOW,753.263,80.0,1
2026-08-21T13:53:37,PathD_50ms,79.08,VIP,154.231,0.0,1
2026-08-21T13:53:37,PathD_50ms,79.08,MEDIUM,154.218,0.0,1
2026-08-21T13:53:37,PathD_50ms,79.08,LOW,758.981,80.0,1
2026-08-21T13:53:38,PathD_50ms,81.88,VIP,154.244,0.0,1
2026-08-21T13:53:38,PathD_50ms,81.88,MEDIUM,154.246,0.0,1
2026-08-21T13:53:38,PathD_50ms,81.88,LOW,444.468,20.0,1
2026-08-21T13:53:41,PathD_50ms,73.43,VIP,154.206,0.0,1
2026-08-21T13:53:41,PathD_50ms,73.43,MEDIUM,154.229,0.0,1
2026-08-21T13:53:41,PathD_50ms,73.43,LOW,758.72,60.0,1
2026-08-21T13:53:43,PathD_50ms,84.94,VIP,154.276,0.0,1
2026-08-21T13:53:43,PathD_50ms,84.94,MEDIUM,154.259,0.0,1
2026-08-21T13:53:43,PathD_50ms,84.94,LOW,758.423,20.0,1
2026-08-21T13:53:44,PathD_50ms,92.18,VIP,154.203,0.0,1
2026-08-21T13:53:44,PathD_50ms,92.18,MEDIUM,154.198,20.0,1
2026-08-21T13:53:44,PathD_50ms,92.18,LOW,302.973,40.0,1
2026-08-21T13:53:47,PathD_50ms,88.1,VIP,154.216,0.0,1
2026-08-21T13:53:47,PathD_50ms,88.1,MEDIUM,154.257,0.0,1
2026-08-21T13:53:47,PathD_50ms,88.1,LOW,,100.0,1
2026-08-21T13:53:50,PathD_50ms,85.62,VIP,154.436,0.0,1
2026-08-21T13:53:50,PathD_50ms,85.62,MEDIUM,154.473,0.0,1
2026-08-21T13:53:50,PathD_50ms,85.62,LOW,741.66,60.0,1
2026-08-21T13:53:53,PathD_50ms,85.62,VIP,154.255,0.0,1
2026-08-21T13:53:53,PathD_50ms,85.62,MEDIUM,154.3,0.0,1
2026-08-21T13:53:53,PathD_50ms,85.62,LOW,758.949,80.0,1
2026-08-21T13:53:55,PathD_50ms,78.43,VIP,155.655,0.0,1
2026-08-21T13:53:55,PathD_50ms,78.43,MEDIUM,155.825,0.0,1
2026-08-21T13:53:55,PathD_50ms,78.43,LOW,759.078,20.0,1
2026-08-21T13:53:58,PathD_50ms,71.69,VIP,154.263,0.0,1
2026-08-21T13:53:58,PathD_50ms,71.69,MEDIUM,154.236,0.0,1
2026-08-21T13:53:58,PathD_50ms,71.69,LOW,759.147,80.0,1
2026-08-21T13:54:01,PathD_50ms,79.49,VIP,154.406,0.0,1
2026-08-21T13:54:01,PathD_50ms,79.49,MEDIUM,154.284,0.0,1
2026-08-21T13:54:01,PathD_50ms,79.49,LOW,747.082,60.0,1
2026-08-21T13:54:04,PathD_50ms,87.17,VIP,154.202,0.0,1
2026-08-21T13:54:04,PathD_50ms,87.17,MEDIUM,154.21,0.0,1
2026-08-21T13:54:04,PathD_50ms,87.17,LOW,,100.0,1
2026-08-21T13:54:07,PathD_50ms,87.19,VIP,154.213,0.0,1
2026-08-21T13:54:07,PathD_50ms,87.19,MEDIUM,154.397,0.0,1
2026-08-21T13:54:07,PathD_50ms,87.19,LOW,567.546,60.0,1
2026-08-21T13:54:09,PathD_50ms,92.12,VIP,154.988,0.0,1
2026-08-21T13:54:09,PathD_50ms,92.12,MEDIUM,154.906,0.0,1
2026-08-21T13:54:09,PathD_50ms,92.12,LOW,499.183,60.0,1
2026-08-21T13:54:11,PathD_50ms,92.12,VIP,154.522,0.0,1
2026-08-21T13:54:11,PathD_50ms,92.12,MEDIUM,154.479,0.0,1
2026-08-21T13:54:11,PathD_50ms,92.12,LOW,592.02,0.0,1
2026-08-21T13:54:12,PathD_50ms,77.97,VIP,154.184,0.0,1
2026-08-21T13:54:12,PathD_50ms,77.97,MEDIUM,154.24,0.0,1
2026-08-21T13:54:12,PathD_50ms,77.97,LOW,388.459,20.0,1
2026-08-21T13:54:15,PathD_50ms,91.75,VIP,154.489,0.0,1
2026-08-21T13:54:15,PathD_50ms,91.75,MEDIUM,154.492,0.0,1
2026-08-21T13:54:15,PathD_50ms,91.75,LOW,572.8,60.0,1
2026-08-21T13:54:18,PathD_50ms,95.86,VIP,154.219,0.0,1
2026-08-21T13:54:18,PathD_50ms,95.86,MEDIUM,154.249,0.0,1
2026-08-21T13:54:18,PathD_50ms,95.86,LOW,759.015,80.0,1
2026-08-21T13:54:20,PathD_50ms,90.61,VIP,154.209,0.0,1
2026-08-21T13:54:20,PathD_50ms,90.61,MEDIUM,154.209,0.0,1
2026-08-21T13:54:20,PathD_50ms,90.61,LOW,758.604,60.0,1
2026-08-21T13:54:23,PathD_50ms,90.38,VIP,154.24,0.0,1
2026-08-21T13:54:23,PathD_50ms,90.38,MEDIUM,154.243,0.0,1
2026-08-21T13:54:23,PathD_50ms,90.38,LOW,758.975,80.0,1
2026-08-21T13:54:25,PathD_50ms,90.38,VIP,154.193,0.0,1
2026-08-21T13:54:25,PathD_50ms,90.38,MEDIUM,154.21,0.0,1
2026-08-21T13:54:25,PathD_50ms,90.38,LOW,588.406,40.0,1
2026-08-21T13:54:28,PathD_50ms,79.47,VIP,154.274,0.0,1
2026-08-21T13:54:28,PathD_50ms,79.47,MEDIUM,154.274,0.0,1
2026-08-21T13:54:28,PathD_50ms,79.47,LOW,758.644,60.0,1
2026-08-21T13:54:29,PathD_50ms,72.81,VIP,154.284,0.0,1
2026-08-21T13:54:29,PathD_50ms,72.81,MEDIUM,154.362,0.0,1
2026-08-21T13:54:29,PathD_50ms,72.81,LOW,451.731,40.0,1
2026-08-21T13:54:32,PathD_50ms,76.07,VIP,154.298,0.0,1
2026-08-21T13:54:32,PathD_50ms,76.07,MEDIUM,154.29,0.0,1
2026-08-21T13:54:32,PathD_50ms,76.07,LOW,763.369,60.0,1
2026-08-21T13:54:35,PathD_50ms,92.93,VIP,154.18,0.0,1
2026-08-21T13:54:35,PathD_50ms,92.93,MEDIUM,154.164,0.0,1
2026-08-21T13:54:35,PathD_50ms,92.93,LOW,417.76,20.0,1
2026-08-21T13:54:38,PathD_50ms,85.79,VIP,154.206,20.0,1
2026-08-21T13:54:38,PathD_50ms,85.79,MEDIUM,154.228,0.0,1
2026-08-21T13:54:38,PathD_50ms,85.79,LOW,758.39,60.0,1
2026-08-21T13:54:40,PathD_50ms,83.9,VIP,154.341,0.0,1
2026-08-21T13:54:40,PathD_50ms,83.9,MEDIUM,154.314,0.0,1
2026-08-21T13:54:40,PathD_50ms,83.9,LOW,714.428,60.0,1
2026-08-21T13:54:42,PathD_50ms,88.96,VIP,154.199,0.0,1
2026-08-21T13:54:42,PathD_50ms,88.96,MEDIUM,154.201,0.0,1
2026-08-21T13:54:42,PathD_50ms,88.96,LOW,758.35,80.0,1
2026-08-21T13:54:44,PathD_50ms,81.88,VIP,154.213,0.0,1
2026-08-21T13:54:44,PathD_50ms,81.88,MEDIUM,154.206,0.0,1
2026-08-21T13:54:44,PathD_50ms,81.88,LOW,618.919,80.0,1
2026-08-21T13:54:47,PathD_50ms,87.23,VIP,154.223,0.0,1
2026-08-21T13:54:47,PathD_50ms,87.23,MEDIUM,154.172,0.0,1
2026-08-21T13:54:47,PathD_50ms,87.23,LOW,760.016,80.0,1
2026-08-21T13:54:50,PathD_50ms,87.47,VIP,154.213,0.0,1
2026-08-21T13:54:50,PathD_50ms,87.47,MEDIUM,154.217,0.0,1
2026-08-21T13:54:50,PathD_50ms,87.47,LOW,543.319,60.0,1
2026-08-21T13:54:53,PathD_50ms,84.76,VIP,154.246,0.0,1
2026-08-21T13:54:53,PathD_50ms,84.76,MEDIUM,154.199,0.0,1
2026-08-21T13:54:53,PathD_50ms,84.76,LOW,759.041,80.0,1
2026-08-21T13:54:55,PathD_50ms,82.74,VIP,154.829,0.0,1
2026-08-21T13:54:55,PathD_50ms,82.74,MEDIUM,154.773,0.0,1
2026-08-21T13:54:55,PathD_50ms,82.74,LOW,361.065,20.0,1
2026-08-21T13:54:58,PathD_50ms,67.54,VIP,154.183,0.0,1
2026-08-21T13:54:58,PathD_50ms,67.54,MEDIUM,154.233,0.0,1
2026-08-21T13:54:58,PathD_50ms,67.54,LOW,759.445,60.0,1
2026-08-21T13:55:00,PathD_50ms,65.03,VIP,154.741,0.0,1
2026-08-21T13:55:00,PathD_50ms,65.03,MEDIUM,154.741,0.0,1
2026-08-21T13:55:00,PathD_50ms,65.03,LOW,602.458,20.0,1
2026-08-21T13:55:02,PathD_50ms,55.99,VIP,154.247,0.0,1
2026-08-21T13:55:02,PathD_50ms,55.99,MEDIUM,154.238,0.0,1
2026-08-21T13:55:02,PathD_50ms,55.99,LOW,393.545,40.0,1
2026-08-21T13:55:04,PathD_50ms,83.16,VIP,154.277,20.0,1
2026-08-21T13:55:04,PathD_50ms,83.16,MEDIUM,154.383,0.0,1
2026-08-21T13:55:04,PathD_50ms,83.16,LOW,546.144,0.0,1
2026-08-21T13:55:06,PathD_50ms,93.36,VIP,154.747,0.0,1
2026-08-21T13:55:06,PathD_50ms,93.36,MEDIUM,271.261,0.0,1
2026-08-21T13:55:06,PathD_50ms,93.36,LOW,396.748,0.0,0
2026-08-21T13:55:08,PathD_50ms,93.36,VIP,154.225,0.0,1
2026-08-21T13:55:08,PathD_50ms,93.36,MEDIUM,355.769,20.0,1
2026-08-21T13:55:08,PathD_50ms,93.36,LOW,759.324,60.0,1
2026-08-21T13:55:11,PathD_50ms,80.86,VIP,154.277,0.0,1
2026-08-21T13:55:11,PathD_50ms,80.86,MEDIUM,356.288,60.0,1
2026-08-21T13:55:11,PathD_50ms,80.86,LOW,391.496,20.0,1
2026-08-21T13:55:14,PathD_50ms,77.59,VIP,154.303,0.0,1
2026-08-21T13:55:14,PathD_50ms,77.59,MEDIUM,154.248,0.0,1
2026-08-21T13:55:14,PathD_50ms,77.59,LOW,758.539,60.0,1
2026-08-21T13:55:16,PathD_50ms,92.93,VIP,154.207,0.0,1
2026-08-21T13:55:16,PathD_50ms,92.93,MEDIUM,156.993,20.0,1
2026-08-21T13:55:16,PathD_50ms,92.93,LOW,698.205,40.0,1
2026-08-21T13:55:17,PathD_50ms,91.7,VIP,155.294,0.0,1
2026-08-21T13:55:17,PathD_50ms,91.7,MEDIUM,310.235,20.0,1
2026-08-21T13:55:17,PathD_50ms,91.7,LOW,155.182,0.0,0
2026-08-21T13:55:19,PathD_50ms,88.28,VIP,154.453,0.0,1
2026-08-21T13:55:19,PathD_50ms,88.28,MEDIUM,154.453,0.0,1
2026-08-21T13:55:19,PathD_50ms,88.28,LOW,529.125,0.0,1
2026-08-21T13:55:21,PathD_50ms,88.28,VIP,154.283,0.0,1
2026-08-21T13:55:21,PathD_50ms,88.28,MEDIUM,253.455,0.0,1
2026-08-21T13:55:21,PathD_50ms,88.28,LOW,758.312,60.0,1
2026-08-21T13:55:23,PathD_50ms,68.41,VIP,157.83,0.0,1
2026-08-21T13:55:23,PathD_50ms,68.41,MEDIUM,193.937,0.0,1
2026-08-21T13:55:23,PathD_50ms,68.41,LOW,307.061,20.0,1
2026-08-21T13:55:25,PathD_50ms,68.41,VIP,154.264,20.0,1
2026-08-21T13:55:25,PathD_50ms,68.41,MEDIUM,154.241,0.0,1
2026-08-21T13:55:25,PathD_50ms,68.41,LOW,234.814,0.0,0
2026-08-21T13:55:26,PathD_50ms,68.41,VIP,154.199,0.0,1
2026-08-21T13:55:26,PathD_50ms,68.41,MEDIUM,154.255,0.0,1
2026-08-21T13:55:26,PathD_50ms,68.41,LOW,456.271,0.0,0
2026-08-21T13:55:28,PathD_50ms,68.41,VIP,154.177,0.0,1
2026-08-21T13:55:28,PathD_50ms,68.41,MEDIUM,154.226,0.0,1
2026-08-21T13:55:28,PathD_50ms,68.41,LOW,698.471,20.0,1
2026-08-21T13:55:29,PathD_50ms,68.41,VIP,155.065,0.0,1
2026-08-21T13:55:29,PathD_50ms,68.41,MEDIUM,155.257,0.0,1
2026-08-21T13:55:29,PathD_50ms,68.41,LOW,338.661,0.0,0
2026-08-21T13:55:30,PathD_50ms,76.89,VIP,156.93,0.0,1
2026-08-21T13:55:30,PathD_50ms,76.89,MEDIUM,156.6,0.0,1
2026-08-21T13:55:30,PathD_50ms,76.89,LOW,156.874,0.0,0
2026-08-21T13:55:32,PathD_50ms,83.37,VIP,154.248,0.0,1
2026-08-21T13:55:32,PathD_50ms,83.37,MEDIUM,154.224,20.0,1
2026-08-21T13:55:32,PathD_50ms,83.37,LOW,464.13,20.0,1
2026-08-21T13:55:35,PathD_50ms,76.91,VIP,154.734,0.0,1
2026-08-21T13:55:35,PathD_50ms,76.91,MEDIUM,155.169,0.0,1
2026-08-21T13:55:35,PathD_50ms,76.91,LOW,411.226,20.0,1
2026-08-21T13:55:36,PathD_50ms,76.91,VIP,154.316,0.0,1
2026-08-21T13:55:36,PathD_50ms,76.91,MEDIUM,154.385,0.0,1
2026-08-21T13:55:36,PathD_50ms,76.91,LOW,429.811,0.0,0
2026-08-21T13:55:39,PathD_50ms,70.05,VIP,154.174,0.0,1
2026-08-21T13:55:39,PathD_50ms,70.05,MEDIUM,154.153,0.0,1
2026-08-21T13:55:39,PathD_50ms,70.05,LOW,746.294,40.0,1
2026-08-21T13:55:40,PathD_50ms,70.05,VIP,154.141,0.0,1
2026-08-21T13:55:40,PathD_50ms,70.05,MEDIUM,154.239,0.0,1
2026-08-21T13:55:40,PathD_50ms,70.05,LOW,248.921,0.0,0
2026-08-21T13:55:41,PathD_50ms,70.49,VIP,154.775,0.0,1
2026-08-21T13:55:41,PathD_50ms,70.49,MEDIUM,154.72,0.0,1
2026-08-21T13:55:41,PathD_50ms,70.49,LOW,165.127,0.0,0
2026-08-21T13:55:42,PathD_50ms,70.49,VIP,155.102,0.0,1
2026-08-21T13:55:42,PathD_50ms,70.49,MEDIUM,155.034,0.0,1
2026-08-21T13:55:42,PathD_50ms,70.49,LOW,415.021,0.0,0
2026-08-21T13:55:45,PathD_50ms,80.64,VIP,154.23,0.0,1
2026-08-21T13:55:45,PathD_50ms,80.64,MEDIUM,156.897,0.0,1
2026-08-21T13:55:45,PathD_50ms,80.64,LOW,749.271,40.0,1
2026-08-21T13:55:47,PathD_50ms,80.64,VIP,154.212,0.0,1
2026-08-21T13:55:47,PathD_50ms,80.64,MEDIUM,185.71,0.0,1
2026-08-21T13:55:47,PathD_50ms,80.64,LOW,673.3,60.0,1
2026-08-21T13:55:48,PathD_50ms,91.2,VIP,155.557,0.0,1
2026-08-21T13:55:48,PathD_50ms,91.2,MEDIUM,160.542,0.0,1
2026-08-21T13:55:48,PathD_50ms,91.2,LOW,219.925,20.0,1
2026-08-21T13:55:51,PathD_50ms,91.2,VIP,154.241,0.0,1
2026-08-21T13:55:51,PathD_50ms,91.2,MEDIUM,296.898,0.0,1
2026-08-21T13:55:51,PathD_50ms,91.2,LOW,698.712,80.0,1
2026-08-21T13:55:52,PathD_50ms,93.46,VIP,155.0,20.0,1
2026-08-21T13:55:52,PathD_50ms,93.46,MEDIUM,355.795,60.0,1
2026-08-21T13:55:52,PathD_50ms,93.46,LOW,182.905,20.0,1
2026-08-21T13:55:55,PathD_50ms,93.13,VIP,156.517,20.0,1
2026-08-21T13:55:55,PathD_50ms,93.13,MEDIUM,156.041,0.0,1
2026-08-21T13:55:55,PathD_50ms,93.13,LOW,755.677,60.0,1
2026-08-21T13:55:56,PathD_50ms,93.13,VIP,154.185,0.0,1
2026-08-21T13:55:56,PathD_50ms,93.13,MEDIUM,307.818,40.0,1
2026-08-21T13:55:56,PathD_50ms,93.13,LOW,244.928,0.0,0
2026-08-21T13:55:57,PathD_50ms,90.49,VIP,154.579,0.0,1
2026-08-21T13:55:57,PathD_50ms,90.49,MEDIUM,355.714,0.0,1
2026-08-21T13:55:57,PathD_50ms,90.49,LOW,190.168,20.0,1
2026-08-21T13:55:59,PathD_50ms,90.49,VIP,154.239,0.0,1
2026-08-21T13:55:59,PathD_50ms,90.49,MEDIUM,355.717,40.0,1
2026-08-21T13:55:59,PathD_50ms,90.49,LOW,681.459,40.0,1
2026-08-21T13:56:02,PathD_50ms,92.14,VIP,156.383,0.0,1
2026-08-21T13:56:02,PathD_50ms,92.14,MEDIUM,156.383,0.0,1
2026-08-21T13:56:02,PathD_50ms,92.14,LOW,703.758,20.0,1
2026-08-21T13:56:03,PathD_50ms,91.21,VIP,154.208,0.0,1
2026-08-21T13:56:03,PathD_50ms,91.21,MEDIUM,341.497,40.0,1
2026-08-21T13:56:03,PathD_50ms,91.21,LOW,267.658,0.0,0
2026-08-21T13:56:06,PathD_50ms,80.64,VIP,154.717,0.0,1
2026-08-21T13:56:06,PathD_50ms,80.64,MEDIUM,,100.0,1
2026-08-21T13:56:06,PathD_50ms,80.64,LOW,185.526,0.0,0
2026-08-21T13:56:07,PathD_50ms,80.33,VIP,154.265,0.0,1
2026-08-21T13:56:07,PathD_50ms,80.33,MEDIUM,174.025,0.0,1
2026-08-21T13:56:07,PathD_50ms,80.33,LOW,154.215,0.0,0
2026-08-21T13:56:09,PathD_50ms,80.33,VIP,155.782,0.0,1
2026-08-21T13:56:09,PathD_50ms,80.33,MEDIUM,313.878,0.0,1
2026-08-21T13:56:09,PathD_50ms,80.33,LOW,155.775,0.0,0
2026-08-21T13:56:10,PathD_50ms,81.5,VIP,154.202,0.0,1
2026-08-21T13:56:10,PathD_50ms,81.5,MEDIUM,355.75,60.0,1
2026-08-21T13:56:10,PathD_50ms,81.5,LOW,154.228,0.0,0
2026-08-21T13:56:11,PathD_50ms,81.5,VIP,154.171,0.0,1
2026-08-21T13:56:11,PathD_50ms,81.5,MEDIUM,154.15,0.0,1
2026-08-21T13:56:11,PathD_50ms,81.5,LOW,154.162,20.0,1
2026-08-21T13:56:13,PathD_50ms,74.63,VIP,154.175,0.0,1
2026-08-21T13:56:13,PathD_50ms,74.63,MEDIUM,156.937,0.0,1
2026-08-21T13:56:13,PathD_50ms,74.63,LOW,154.138,0.0,0
2026-08-21T13:56:14,PathD_50ms,74.63,VIP,154.228,0.0,1
2026-08-21T13:56:14,PathD_50ms,74.63,MEDIUM,177.92,0.0,1
2026-08-21T13:56:14,PathD_50ms,74.63,LOW,154.228,0.0,0
2026-08-21T13:56:15,PathD_50ms,74.63,VIP,154.456,20.0,1
2026-08-21T13:56:15,PathD_50ms,74.63,MEDIUM,208.701,0.0,1
2026-08-21T13:56:15,PathD_50ms,74.63,LOW,154.586,0.0,0
2026-08-21T13:56:16,PathD_50ms,74.63,VIP,156.382,0.0,1
2026-08-21T13:56:16,PathD_50ms,74.63,MEDIUM,178.69,0.0,1
2026-08-21T13:56:16,PathD_50ms,74.63,LOW,156.33,0.0,0
2026-08-21T13:56:17,PathD_50ms,71.38,VIP,155.117,0.0,1
2026-08-21T13:56:17,PathD_50ms,71.38,MEDIUM,157.015,0.0,1
2026-08-21T13:56:17,PathD_50ms,71.38,LOW,157.009,0.0,0
2026-08-21T13:56:18,PathD_50ms,73.04,VIP,154.173,0.0,1
2026-08-21T13:56:18,PathD_50ms,73.04,MEDIUM,167.623,0.0,1
2026-08-21T13:56:18,PathD_50ms,73.04,LOW,154.21,0.0,0
2026-08-21T13:56:19,PathD_50ms,73.04,VIP,154.223,0.0,1
2026-08-21T13:56:19,PathD_50ms,73.04,MEDIUM,221.183,0.0,1
2026-08-21T13:56:19,PathD_50ms,73.04,LOW,154.173,0.0,0
2026-08-21T13:56:20,PathD_50ms,73.04,VIP,155.629,0.0,1
2026-08-21T13:56:20,PathD_50ms,73.04,MEDIUM,176.732,0.0,1
2026-08-21T13:56:20,PathD_50ms,73.04,LOW,155.563,0.0,0
2026-08-21T13:56:21,PathD_50ms,73.04,VIP,154.175,0.0,1
2026-08-21T13:56:21,PathD_50ms,73.04,MEDIUM,154.168,0.0,1
2026-08-21T13:56:21,PathD_50ms,73.04,LOW,154.162,0.0,0
2026-08-21T13:56:22,PathD_50ms,71.97,VIP,155.252,0.0,1
2026-08-21T13:56:22,PathD_50ms,71.97,MEDIUM,167.463,0.0,1
2026-08-21T13:56:22,PathD_50ms,71.97,LOW,155.195,0.0,0
2026-08-21T13:56:23,PathD_50ms,71.97,VIP,154.201,20.0,1
2026-08-21T13:56:23,PathD_50ms,71.97,MEDIUM,201.705,0.0,1
2026-08-21T13:56:23,PathD_50ms,71.97,LOW,154.572,0.0,0
2026-08-21T13:56:25,PathD_50ms,74.4,VIP,154.921,0.0,1
2026-08-21T13:56:25,PathD_50ms,74.4,MEDIUM,243.491,20.0,1
2026-08-21T13:56:25,PathD_50ms,74.4,LOW,154.921,0.0,0
2026-08-21T13:56:26,PathD_50ms,74.4,VIP,154.321,0.0,1
2026-08-21T13:56:26,PathD_50ms,74.4,MEDIUM,299.569,0.0,1
2026-08-21T13:56:26,PathD_50ms,74.4,LOW,154.35,0.0,0
2026-08-21T13:56:27,PathD_50ms,74.4,VIP,154.561,0.0,1
2026-08-21T13:56:27,PathD_50ms,74.4,MEDIUM,182.622,0.0,1
2026-08-21T13:56:27,PathD_50ms,74.4,LOW,154.528,0.0,0
2026-08-21T13:56:28,PathD_50ms,64.72,VIP,154.354,20.0,1
2026-08-21T13:56:28,PathD_50ms,64.72,MEDIUM,154.313,0.0,1
2026-08-21T13:56:28,PathD_50ms,64.72,LOW,154.312,0.0,0
2026-08-21T13:56:29,PathD_50ms,64.72,VIP,154.371,0.0,1
2026-08-21T13:56:29,PathD_50ms,64.72,MEDIUM,154.436,0.0,1
2026-08-21T13:56:29,PathD_50ms,64.72,LOW,154.423,0.0,0
2026-08-21T13:56:30,PathD_50ms,64.72,VIP,154.137,0.0,1
2026-08-21T13:56:30,PathD_50ms,64.72,MEDIUM,154.137,0.0,1
2026-08-21T13:56:30,PathD_50ms,64.72,LOW,154.14,0.0,0
2026-08-21T13:56:31,PathD_50ms,63.33,VIP,154.171,0.0,1
2026-08-21T13:56:31,PathD_50ms,63.33,MEDIUM,154.204,0.0,1
2026-08-21T13:56:31,PathD_50ms,63.33,LOW,154.218,0.0,0
2026-08-21T13:56:32,PathD_50ms,63.33,VIP,154.218,0.0,1
2026-08-21T13:56:32,PathD_50ms,63.33,MEDIUM,154.178,20.0,1
2026-08-21T13:56:32,PathD_50ms,63.33,LOW,154.137,20.0,1
2026-08-21T13:56:33,PathD_50ms,63.33,VIP,154.584,0.0,1
2026-08-21T13:56:33,PathD_50ms,63.33,MEDIUM,154.677,0.0,1
2026-08-21T13:56:33,PathD_50ms,63.33,LOW,154.676,0.0,0
2026-08-21T13:56:34,PathD_50ms,80.23,VIP,156.078,0.0,1
2026-08-21T13:56:34,PathD_50ms,80.23,MEDIUM,169.977,0.0,1
2026-08-21T13:56:34,PathD_50ms,80.23,LOW,156.078,0.0,0
2026-08-21T13:56:36,PathD_50ms,76.98,VIP,154.414,20.0,1
2026-08-21T13:56:36,PathD_50ms,76.98,MEDIUM,308.708,0.0,1
2026-08-21T13:56:36,PathD_50ms,76.98,LOW,155.129,0.0,0
2026-08-21T13:56:37,PathD_50ms,76.98,VIP,154.205,0.0,1
2026-08-21T13:56:37,PathD_50ms,76.98,MEDIUM,355.529,80.0,1
2026-08-21T13:56:37,PathD_50ms,76.98,LOW,154.167,0.0,0
2026-08-21T13:56:38,PathD_50ms,76.98,VIP,154.225,0.0,1
2026-08-21T13:56:38,PathD_50ms,76.98,MEDIUM,154.255,0.0,1
2026-08-21T13:56:38,PathD_50ms,76.98,LOW,154.225,0.0,0
2026-08-21T13:56:39,PathD_50ms,80.57,VIP,154.164,0.0,1
2026-08-21T13:56:39,PathD_50ms,80.57,MEDIUM,177.158,0.0,1
2026-08-21T13:56:39,PathD_50ms,80.57,LOW,154.202,0.0,0
2026-08-21T13:56:41,PathD_50ms,80.57,VIP,154.199,0.0,1
2026-08-21T13:56:41,PathD_50ms,80.57,MEDIUM,340.813,0.0,1
2026-08-21T13:56:41,PathD_50ms,80.57,LOW,154.285,0.0,0
2026-08-21T13:56:42,PathD_50ms,80.57,VIP,155.959,0.0,1
2026-08-21T13:56:42,PathD_50ms,80.57,MEDIUM,356.9,0.0,1
2026-08-21T13:56:42,PathD_50ms,80.57,LOW,155.904,0.0,0
2026-08-21T13:56:44,PathD_50ms,83.42,VIP,155.087,0.0,1
2026-08-21T13:56:44,PathD_50ms,83.42,MEDIUM,355.63,20.0,1
2026-08-21T13:56:44,PathD_50ms,83.42,LOW,155.008,0.0,0
2026-08-21T13:56:45,PathD_50ms,83.42,VIP,154.529,0.0,1
2026-08-21T13:56:45,PathD_50ms,83.42,MEDIUM,189.36,20.0,1
2026-08-21T13:56:45,PathD_50ms,83.42,LOW,154.495,0.0,0
2026-08-21T13:56:46,PathD_50ms,80.31,VIP,154.236,0.0,1
2026-08-21T13:56:46,PathD_50ms,80.31,MEDIUM,160.297,0.0,1
2026-08-21T13:56:46,PathD_50ms,80.31,LOW,154.251,20.0,1
2026-08-21T13:56:47,PathD_50ms,80.31,VIP,155.65,0.0,1
2026-08-21T13:56:47,PathD_50ms,80.31,MEDIUM,309.511,0.0,1
2026-08-21T13:56:47,PathD_50ms,80.31,LOW,155.828,0.0,0
2026-08-21T13:56:49,PathD_50ms,95.06,VIP,154.897,0.0,1
2026-08-21T13:56:49,PathD_50ms,95.06,MEDIUM,209.76,20.0,1
2026-08-21T13:56:49,PathD_50ms,95.06,LOW,154.875,0.0,0
2026-08-21T13:56:51,PathD_50ms,82.32,VIP,154.162,0.0,1
2026-08-21T13:56:51,PathD_50ms,82.32,MEDIUM,154.151,0.0,1
2026-08-21T13:56:51,PathD_50ms,82.32,LOW,595.652,0.0,1
2026-08-21T13:56:53,PathD_50ms,82.32,VIP,154.21,0.0,1
2026-08-21T13:56:53,PathD_50ms,82.32,MEDIUM,154.23,0.0,1
2026-08-21T13:56:53,PathD_50ms,82.32,LOW,758.92,60.0,1
2026-08-21T13:56:54,PathD_50ms,86.81,VIP,155.088,0.0,1
2026-08-21T13:56:54,PathD_50ms,86.81,MEDIUM,155.564,0.0,1
2026-08-21T13:56:54,PathD_50ms,86.81,LOW,162.327,0.0,0
2026-08-21T13:56:56,PathD_50ms,89.13,VIP,154.509,20.0,1
2026-08-21T13:56:56,PathD_50ms,89.13,MEDIUM,155.126,0.0,1
2026-08-21T13:56:56,PathD_50ms,89.13,LOW,597.057,20.0,1
2026-08-21T13:56:59,PathD_50ms,89.13,VIP,154.901,0.0,1
2026-08-21T13:56:59,PathD_50ms,89.13,MEDIUM,154.943,0.0,1
2026-08-21T13:56:59,PathD_50ms,89.13,LOW,714.25,60.0,1
2026-08-21T13:57:00,PathD_50ms,85.88,VIP,155.487,0.0,1
2026-08-21T13:57:00,PathD_50ms,85.88,MEDIUM,163.399,0.0,1
2026-08-21T13:57:00,PathD_50ms,85.88,LOW,180.459,0.0,0
2026-08-21T13:57:02,PathD_50ms,85.88,VIP,154.217,0.0,1
2026-08-21T13:57:02,PathD_50ms,85.88,MEDIUM,202.666,0.0,1
2026-08-21T13:57:02,PathD_50ms,85.88,LOW,530.933,40.0,1
2026-08-21T13:57:05,PathD_50ms,83.04,VIP,154.178,0.0,1
2026-08-21T13:57:05,PathD_50ms,83.04,MEDIUM,159.023,0.0,1
2026-08-21T13:57:05,PathD_50ms,83.04,LOW,758.71,60.0,1
2026-08-21T13:57:07,PathD_50ms,88.29,VIP,154.728,0.0,1
2026-08-21T13:57:07,PathD_50ms,88.29,MEDIUM,155.415,0.0,1
2026-08-21T13:57:07,PathD_50ms,88.29,LOW,428.848,20.0,1
2026-08-21T13:57:10,PathD_50ms,88.29,VIP,154.224,0.0,1
2026-08-21T13:57:10,PathD_50ms,88.29,MEDIUM,154.199,0.0,1
2026-08-21T13:57:10,PathD_50ms,88.29,LOW,744.199,40.0,1
2026-08-21T13:57:11,PathD_50ms,93.19,VIP,155.376,0.0,1
2026-08-21T13:57:11,PathD_50ms,93.19,MEDIUM,183.771,0.0,1
2026-08-21T13:57:11,PathD_50ms,93.19,LOW,368.914,0.0,0
2026-08-21T13:57:12,PathD_50ms,83.32,VIP,155.334,0.0,1
2026-08-21T13:57:12,PathD_50ms,83.32,MEDIUM,267.242,0.0,1
2026-08-21T13:57:12,PathD_50ms,83.32,LOW,155.389,0.0,0
2026-08-21T13:57:14,PathD_50ms,83.32,VIP,154.275,0.0,1
2026-08-21T13:57:14,PathD_50ms,83.32,MEDIUM,337.67,40.0,1
2026-08-21T13:57:14,PathD_50ms,83.32,LOW,314.912,0.0,0
2026-08-21T13:57:16,PathD_50ms,83.32,VIP,154.252,0.0,1
2026-08-21T13:57:16,PathD_50ms,83.32,MEDIUM,356.475,20.0,1
2026-08-21T13:57:16,PathD_50ms,83.32,LOW,683.754,40.0,1
2026-08-21T13:57:19,PathD_50ms,80.91,VIP,154.427,0.0,1
2026-08-21T13:57:19,PathD_50ms,80.91,MEDIUM,189.565,0.0,1
2026-08-21T13:57:19,PathD_50ms,80.91,LOW,759.692,60.0,1
2026-08-21T13:57:20,PathD_50ms,73.87,VIP,155.07,0.0,1
2026-08-21T13:57:20,PathD_50ms,73.87,MEDIUM,196.909,0.0,1
2026-08-21T13:57:20,PathD_50ms,73.87,LOW,155.048,0.0,0
2026-08-21T13:57:21,PathD_50ms,73.87,VIP,154.261,0.0,1
2026-08-21T13:57:21,PathD_50ms,73.87,MEDIUM,196.242,0.0,1
2026-08-21T13:57:21,PathD_50ms,73.87,LOW,154.304,0.0,0
2026-08-21T13:57:22,PathD_50ms,73.87,VIP,154.177,20.0,1
2026-08-21T13:57:22,PathD_50ms,73.87,MEDIUM,154.17,0.0,1
2026-08-21T13:57:22,PathD_50ms,73.87,LOW,154.196,0.0,0
2026-08-21T13:57:23,PathD_50ms,66.84,VIP,154.384,0.0,1
2026-08-21T13:57:23,PathD_50ms,66.84,MEDIUM,154.385,0.0,1
2026-08-21T13:57:23,PathD_50ms,66.84,LOW,154.324,0.0,0
2026-08-21T13:57:24,PathD_50ms,66.84,VIP,155.157,0.0,1
2026-08-21T13:57:24,PathD_50ms,66.84,MEDIUM,155.156,0.0,1
2026-08-21T13:57:24,PathD_50ms,66.84,LOW,156.178,20.0,1
2026-08-21T13:57:25,PathD_50ms,62.66,VIP,154.688,0.0,1
2026-08-21T13:57:25,PathD_50ms,62.66,MEDIUM,154.645,0.0,1
2026-08-21T13:57:25,PathD_50ms,62.66,LOW,154.727,20.0,1
2026-08-21T13:57:26,PathD_50ms,62.66,VIP,154.421,0.0,1
2026-08-21T13:57:26,PathD_50ms,62.66,MEDIUM,154.393,0.0,1
2026-08-21T13:57:26,PathD_50ms,62.66,LOW,154.412,0.0,0
2026-08-21T13:57:28,PathD_50ms,62.66,VIP,155.656,0.0,1
2026-08-21T13:57:28,PathD_50ms,62.66,MEDIUM,155.679,0.0,1
2026-08-21T13:57:28,PathD_50ms,62.66,LOW,155.922,20.0,1
2026-08-21T13:57:29,PathD_50ms,81.61,VIP,154.197,0.0,1
2026-08-21T13:57:29,PathD_50ms,81.61,MEDIUM,163.249,0.0,1
2026-08-21T13:57:29,PathD_50ms,81.61,LOW,154.239,0.0,0
2026-08-21T13:57:30,PathD_50ms,81.61,VIP,154.228,0.0,1
2026-08-21T13:57:30,PathD_50ms,81.61,MEDIUM,302.51,40.0,1
2026-08-21T13:57:30,PathD_50ms,81.61,LOW,154.323,0.0,0
2026-08-21T13:57:32,PathD_50ms,81.61,VIP,156.4,0.0,1
2026-08-21T13:57:32,PathD_50ms,81.61,MEDIUM,355.701,20.0,1
2026-08-21T13:57:32,PathD_50ms,81.61,LOW,156.355,0.0,0
2026-08-21T13:57:33,PathD_50ms,81.59,VIP,154.663,0.0,1
2026-08-21T13:57:33,PathD_50ms,81.59,MEDIUM,154.82,0.0,1
2026-08-21T13:57:33,PathD_50ms,81.59,LOW,154.821,0.0,0
2026-08-21T13:57:34,PathD_50ms,95.39,VIP,154.352,0.0,1
2026-08-21T13:57:34,PathD_50ms,95.39,MEDIUM,190.344,20.0,1
2026-08-21T13:57:34,PathD_50ms,95.39,LOW,154.327,0.0,0
2026-08-21T13:57:36,PathD_50ms,95.39,VIP,154.291,0.0,1
2026-08-21T13:57:36,PathD_50ms,95.39,MEDIUM,356.386,40.0,1
2026-08-21T13:57:36,PathD_50ms,95.39,LOW,154.291,0.0,0
2026-08-21T13:57:37,PathD_50ms,95.39,VIP,154.48,0.0,1
2026-08-21T13:57:37,PathD_50ms,95.39,MEDIUM,355.565,60.0,1
2026-08-21T13:57:37,PathD_50ms,95.39,LOW,154.48,0.0,0
2026-08-21T13:57:39,PathD_50ms,95.39,VIP,156.176,0.0,1
2026-08-21T13:57:39,PathD_50ms,95.39,MEDIUM,356.919,60.0,1
2026-08-21T13:57:39,PathD_50ms,95.39,LOW,155.348,20.0,1
2026-08-21T13:57:40,PathD_50ms,100.55,VIP,154.879,0.0,1
2026-08-21T13:57:40,PathD_50ms,100.55,MEDIUM,154.904,0.0,1
2026-08-21T13:57:40,PathD_50ms,100.55,LOW,154.917,0.0,0
2026-08-21T13:57:41,PathD_50ms,100.06,VIP,154.212,0.0,1
2026-08-21T13:57:41,PathD_50ms,100.06,MEDIUM,228.791,0.0,1
2026-08-21T13:57:41,PathD_50ms,100.06,LOW,154.228,0.0,0
2026-08-21T13:57:43,PathD_50ms,100.06,VIP,154.213,0.0,1
2026-08-21T13:57:43,PathD_50ms,100.06,MEDIUM,355.523,40.0,1
2026-08-21T13:57:43,PathD_50ms,100.06,LOW,154.259,0.0,0
2026-08-21T13:57:44,PathD_50ms,100.06,VIP,154.856,0.0,1
2026-08-21T13:57:44,PathD_50ms,100.06,MEDIUM,154.817,0.0,1
2026-08-21T13:57:44,PathD_50ms,100.06,LOW,154.855,0.0,0
2026-08-21T13:57:45,PathD_50ms,91.54,VIP,155.599,0.0,1
2026-08-21T13:57:45,PathD_50ms,91.54,MEDIUM,164.711,0.0,1
2026-08-21T13:57:45,PathD_50ms,91.54,LOW,155.61,0.0,0
2026-08-21T13:57:46,PathD_50ms,92.0,VIP,154.189,20.0,1
2026-08-21T13:57:46,PathD_50ms,92.0,MEDIUM,328.698,20.0,1
2026-08-21T13:57:46,PathD_50ms,92.0,LOW,154.995,0.0,0
2026-08-21T13:57:48,PathD_50ms,92.0,VIP,154.182,0.0,1
2026-08-21T13:57:48,PathD_50ms,92.0,MEDIUM,355.747,40.0,1
2026-08-21T13:57:48,PathD_50ms,92.0,LOW,154.21,0.0,0
2026-08-21T13:57:50,PathD_50ms,92.0,VIP,154.184,0.0,1
2026-08-21T13:57:50,PathD_50ms,92.0,MEDIUM,229.279,20.0,1
2026-08-21T13:57:50,PathD_50ms,92.0,LOW,154.192,0.0,0
2026-08-21T13:57:51,PathD_50ms,75.69,VIP,155.699,0.0,1
2026-08-21T13:57:51,PathD_50ms,75.69,MEDIUM,156.622,0.0,1
2026-08-21T13:57:51,PathD_50ms,75.69,LOW,155.702,0.0,0
2026-08-21T13:57:52,PathD_50ms,73.42,VIP,154.18,0.0,1
2026-08-21T13:57:52,PathD_50ms,73.42,MEDIUM,182.158,0.0,1
2026-08-21T13:57:52,PathD_50ms,73.42,LOW,154.15,0.0,0
2026-08-21T13:57:53,PathD_50ms,73.42,VIP,154.236,0.0,1
2026-08-21T13:57:53,PathD_50ms,73.42,MEDIUM,231.339,0.0,1
2026-08-21T13:57:53,PathD_50ms,73.42,LOW,154.302,0.0,0
2026-08-21T13:57:54,PathD_50ms,73.42,VIP,154.226,0.0,1
2026-08-21T13:57:54,PathD_50ms,73.42,MEDIUM,221.752,0.0,1
2026-08-21T13:57:54,PathD_50ms,73.42,LOW,154.213,0.0,0
2026-08-21T13:57:55,PathD_50ms,73.42,VIP,155.195,0.0,1
2026-08-21T13:57:55,PathD_50ms,73.42,MEDIUM,155.426,20.0,1
2026-08-21T13:57:55,PathD_50ms,73.42,LOW,155.139,0.0,0
2026-08-21T13:57:56,PathD_50ms,92.55,VIP,154.38,0.0,1
2026-08-21T13:57:56,PathD_50ms,92.55,MEDIUM,222.638,0.0,1
2026-08-21T13:57:56,PathD_50ms,92.55,LOW,154.361,0.0,0
2026-08-21T13:57:58,PathD_50ms,92.55,VIP,154.941,0.0,1
2026-08-21T13:57:58,PathD_50ms,92.55,MEDIUM,355.843,40.0,1
2026-08-21T13:57:58,PathD_50ms,92.55,LOW,154.905,0.0,0
2026-08-21T13:57:59,PathD_50ms,94.47,VIP,154.317,0.0,1
2026-08-21T13:57:59,PathD_50ms,94.47,MEDIUM,230.142,20.0,1
2026-08-21T13:57:59,PathD_50ms,94.47,LOW,154.445,0.0,0
2026-08-21T13:58:01,PathD_50ms,93.02,VIP,154.453,0.0,1
2026-08-21T13:58:01,PathD_50ms,93.02,MEDIUM,162.447,0.0,1
2026-08-21T13:58:01,PathD_50ms,93.02,LOW,154.436,0.0,0
2026-08-21T13:58:02,PathD_50ms,93.02,VIP,154.177,0.0,1
2026-08-21T13:58:02,PathD_50ms,93.02,MEDIUM,331.137,20.0,1
2026-08-21T13:58:02,PathD_50ms,93.02,LOW,154.198,0.0,0
2026-08-21T13:58:05,PathD_50ms,93.02,VIP,154.316,0.0,1
2026-08-21T13:58:05,PathD_50ms,93.02,MEDIUM,355.585,80.0,1
2026-08-21T13:58:05,PathD_50ms,93.02,LOW,154.315,0.0,0
2026-08-21T13:58:06,PathD_50ms,90.47,VIP,154.355,0.0,1
2026-08-21T13:58:06,PathD_50ms,90.47,MEDIUM,154.396,0.0,1
2026-08-21T13:58:06,PathD_50ms,90.47,LOW,154.414,0.0,0
2026-08-21T13:58:07,PathD_50ms,92.67,VIP,154.28,0.0,1
2026-08-21T13:58:07,PathD_50ms,92.67,MEDIUM,222.506,0.0,1
2026-08-21T13:58:07,PathD_50ms,92.67,LOW,154.224,0.0,0
2026-08-21T13:58:09,PathD_50ms,92.67,VIP,154.139,0.0,1
2026-08-21T13:58:09,PathD_50ms,92.67,MEDIUM,355.947,20.0,1
2026-08-21T13:58:09,PathD_50ms,92.67,LOW,154.142,0.0,0
2026-08-21T13:58:10,PathD_50ms,100.16,VIP,155.311,0.0,1
2026-08-21T13:58:10,PathD_50ms,100.16,MEDIUM,155.264,0.0,1
2026-08-21T13:58:10,PathD_50ms,100.16,LOW,164.239,0.0,0
2026-08-21T13:58:11,PathD_50ms,104.24,VIP,154.154,0.0,1
2026-08-21T13:58:11,PathD_50ms,104.24,MEDIUM,195.354,0.0,1
2026-08-21T13:58:11,PathD_50ms,104.24,LOW,335.9,0.0,0
2026-08-21T13:58:13,PathD_50ms,104.24,VIP,154.222,0.0,1
2026-08-21T13:58:13,PathD_50ms,104.24,MEDIUM,355.724,40.0,1
2026-08-21T13:58:13,PathD_50ms,104.24,LOW,617.413,0.0,1
2026-08-21T13:58:16,PathD_50ms,104.24,VIP,154.212,0.0,1
2026-08-21T13:58:16,PathD_50ms,104.24,MEDIUM,355.738,60.0,1
2026-08-21T13:58:16,PathD_50ms,104.24,LOW,758.798,80.0,1
2026-08-21T13:58:17,PathD_50ms,95.59,VIP,155.933,0.0,1
2026-08-21T13:58:17,PathD_50ms,95.59,MEDIUM,157.067,0.0,1
2026-08-21T13:58:17,PathD_50ms,95.59,LOW,164.072,20.0,1
2026-08-21T13:58:19,PathD_50ms,95.59,VIP,154.203,0.0,1
2026-08-21T13:58:19,PathD_50ms,95.59,MEDIUM,300.711,40.0,1
2026-08-21T13:58:19,PathD_50ms,95.59,LOW,464.734,0.0,0
2026-08-21T13:58:21,PathD_50ms,95.59,VIP,154.237,0.0,1
2026-08-21T13:58:21,PathD_50ms,95.59,MEDIUM,355.682,60.0,1
2026-08-21T13:58:21,PathD_50ms,95.59,LOW,,100.0,1
2026-08-21T13:58:23,PathD_50ms,95.59,VIP,154.76,0.0,1
2026-08-21T13:58:23,PathD_50ms,95.59,MEDIUM,347.165,60.0,1
2026-08-21T13:58:23,PathD_50ms,95.59,LOW,267.605,0.0,0
2026-08-21T13:58:24,PathD_50ms,88.32,VIP,154.6,20.0,1
2026-08-21T13:58:24,PathD_50ms,88.32,MEDIUM,154.52,0.0,1
2026-08-21T13:58:24,PathD_50ms,88.32,LOW,154.496,0.0,0
2026-08-21T13:58:26,PathD_50ms,92.52,VIP,154.439,0.0,1
2026-08-21T13:58:26,PathD_50ms,92.52,MEDIUM,243.488,20.0,1
2026-08-21T13:58:26,PathD_50ms,92.52,LOW,154.32,0.0,0
2026-08-21T13:58:27,PathD_50ms,92.52,VIP,154.643,0.0,1
2026-08-21T13:58:27,PathD_50ms,92.52,MEDIUM,356.408,40.0,1
2026-08-21T13:58:27,PathD_50ms,92.52,LOW,154.226,20.0,1
2026-08-21T13:58:29,PathD_50ms,92.52,VIP,154.781,0.0,1
2026-08-21T13:58:29,PathD_50ms,92.52,MEDIUM,356.533,0.0,1
2026-08-21T13:58:29,PathD_50ms,92.52,LOW,154.89,0.0,0
2026-08-21T13:58:30,PathD_50ms,92.52,VIP,156.403,0.0,1
2026-08-21T13:58:30,PathD_50ms,92.52,MEDIUM,159.225,20.0,1
2026-08-21T13:58:30,PathD_50ms,92.52,LOW,156.478,0.0,0
2026-08-21T13:58:31,PathD_50ms,102.98,VIP,154.422,0.0,1
2026-08-21T13:58:31,PathD_50ms,102.98,MEDIUM,163.078,0.0,1
2026-08-21T13:58:31,PathD_50ms,102.98,LOW,191.399,0.0,0
2026-08-21T13:58:32,PathD_50ms,102.98,VIP,154.325,0.0,1
2026-08-21T13:58:32,PathD_50ms,102.98,MEDIUM,334.282,60.0,1
2026-08-21T13:58:32,PathD_50ms,102.98,LOW,312.077,0.0,0
2026-08-21T13:58:34,PathD_50ms,99.93,VIP,154.197,0.0,1
2026-08-21T13:58:34,PathD_50ms,99.93,MEDIUM,356.099,40.0,1
2026-08-21T13:58:34,PathD_50ms,99.93,LOW,154.19,0.0,0
2026-08-21T13:58:35,PathD_50ms,99.93,VIP,154.244,0.0,1
2026-08-21T13:58:35,PathD_50ms,99.93,MEDIUM,192.897,0.0,1
2026-08-21T13:58:35,PathD_50ms,99.93,LOW,154.195,0.0,0
2026-08-21T13:58:36,PathD_50ms,88.11,VIP,154.561,0.0,1
2026-08-21T13:58:36,PathD_50ms,88.11,MEDIUM,154.48,0.0,1
2026-08-21T13:58:36,PathD_50ms,88.11,LOW,154.511,0.0,0
2026-08-21T13:58:38,PathD_50ms,88.11,VIP,154.312,0.0,1
2026-08-21T13:58:38,PathD_50ms,88.11,MEDIUM,260.395,20.0,1
2026-08-21T13:58:38,PathD_50ms,88.11,LOW,154.266,0.0,0
2026-08-21T13:58:39,PathD_50ms,88.11,VIP,154.189,0.0,1
2026-08-21T13:58:39,PathD_50ms,88.11,MEDIUM,356.714,40.0,1
2026-08-21T13:58:39,PathD_50ms,88.11,LOW,154.179,0.0,0
2026-08-21T13:58:41,PathD_50ms,87.99,VIP,154.924,0.0,1
2026-08-21T13:58:41,PathD_50ms,87.99,MEDIUM,350.068,40.0,1
2026-08-21T13:58:41,PathD_50ms,87.99,LOW,154.943,0.0,0
2026-08-21T13:58:42,PathD_50ms,87.99,VIP,154.194,20.0,1
2026-08-21T13:58:42,PathD_50ms,87.99,MEDIUM,154.198,0.0,1
2026-08-21T13:58:42,PathD_50ms,87.99,LOW,154.188,0.0,0
2026-08-21T13:58:43,PathD_50ms,96.24,VIP,154.213,0.0,1
2026-08-21T13:58:43,PathD_50ms,96.24,MEDIUM,270.688,0.0,1
2026-08-21T13:58:43,PathD_50ms,96.24,LOW,154.209,0.0,0
2026-08-21T13:58:45,PathD_50ms,96.24,VIP,154.202,0.0,1
2026-08-21T13:58:45,PathD_50ms,96.24,MEDIUM,356.105,20.0,1
2026-08-21T13:58:45,PathD_50ms,96.24,LOW,154.23,20.0,1
2026-08-21T13:58:46,PathD_50ms,103.68,VIP,154.754,0.0,1
2026-08-21T13:58:46,PathD_50ms,103.68,MEDIUM,356.143,60.0,1
2026-08-21T13:58:46,PathD_50ms,103.68,LOW,154.75,0.0,0
2026-08-21T13:58:48,PathD_50ms,103.68,VIP,154.611,0.0,1
2026-08-21T13:58:48,PathD_50ms,103.68,MEDIUM,355.732,0.0,1
2026-08-21T13:58:48,PathD_50ms,103.68,LOW,386.701,0.0,0
2026-08-21T13:58:50,PathD_50ms,90.46,VIP,154.202,0.0,1
2026-08-21T13:58:50,PathD_50ms,90.46,MEDIUM,193.482,20.0,1
2026-08-21T13:58:50,PathD_50ms,90.46,LOW,743.692,60.0,1
2026-08-21T13:58:51,PathD_50ms,90.46,VIP,154.688,0.0,1
2026-08-21T13:58:51,PathD_50ms,90.46,MEDIUM,263.276,0.0,1
2026-08-21T13:58:51,PathD_50ms,90.46,LOW,200.061,0.0,0
2026-08-21T13:58:53,PathD_50ms,84.9,VIP,154.549,0.0,1
2026-08-21T13:58:53,PathD_50ms,84.9,MEDIUM,355.696,40.0,1
2026-08-21T13:58:53,PathD_50ms,84.9,LOW,161.268,0.0,0
2026-08-21T13:58:55,PathD_50ms,84.9,VIP,154.228,20.0,1
2026-08-21T13:58:55,PathD_50ms,84.9,MEDIUM,356.0,20.0,1
2026-08-21T13:58:55,PathD_50ms,84.9,LOW,221.909,0.0,0
2026-08-21T13:58:56,PathD_50ms,84.9,VIP,154.204,0.0,1
2026-08-21T13:58:56,PathD_50ms,84.9,MEDIUM,154.166,0.0,1
2026-08-21T13:58:56,PathD_50ms,84.9,LOW,288.696,0.0,0
2026-08-21T13:58:57,PathD_50ms,103.8,VIP,154.766,0.0,1
2026-08-21T13:58:57,PathD_50ms,103.8,MEDIUM,245.103,0.0,1
2026-08-21T13:58:57,PathD_50ms,103.8,LOW,185.224,0.0,0
2026-08-21T13:59:00,PathD_50ms,111.82,VIP,155.659,20.0,1
2026-08-21T13:59:00,PathD_50ms,111.82,MEDIUM,355.855,80.0,1
2026-08-21T13:59:00,PathD_50ms,111.82,LOW,154.303,0.0,0
2026-08-21T13:59:02,PathD_50ms,111.82,VIP,155.314,0.0,1
2026-08-21T13:59:02,PathD_50ms,111.82,MEDIUM,227.045,0.0,1
2026-08-21T13:59:02,PathD_50ms,111.82,LOW,346.509,20.0,1
2026-08-21T13:59:03,PathD_50ms,102.13,VIP,154.49,0.0,1
2026-08-21T13:59:03,PathD_50ms,102.13,MEDIUM,191.569,20.0,1
2026-08-21T13:59:03,PathD_50ms,102.13,LOW,264.262,0.0,0
2026-08-21T13:59:05,PathD_50ms,102.13,VIP,154.263,0.0,1
2026-08-21T13:59:05,PathD_50ms,102.13,MEDIUM,355.648,40.0,1
2026-08-21T13:59:05,PathD_50ms,102.13,LOW,613.145,40.0,1
2026-08-21T13:59:08,PathD_50ms,102.13,VIP,154.318,0.0,1
2026-08-21T13:59:08,PathD_50ms,102.13,MEDIUM,355.641,20.0,1
2026-08-21T13:59:08,PathD_50ms,102.13,LOW,758.294,20.0,1
2026-08-21T13:59:09,PathD_50ms,102.13,VIP,156.221,0.0,1
2026-08-21T13:59:09,PathD_50ms,102.13,MEDIUM,156.112,0.0,1
2026-08-21T13:59:09,PathD_50ms,102.13,LOW,156.221,0.0,0
2026-08-21T13:59:10,PathD_50ms,123.09,VIP,154.595,0.0,1
2026-08-21T13:59:10,PathD_50ms,123.09,MEDIUM,177.377,40.0,1
2026-08-21T13:59:10,PathD_50ms,123.09,LOW,180.14,0.0,0
2026-08-21T13:59:12,PathD_50ms,123.09,VIP,154.258,0.0,1
2026-08-21T13:59:12,PathD_50ms,123.09,MEDIUM,355.789,20.0,1
2026-08-21T13:59:12,PathD_50ms,123.09,LOW,466.032,0.0,0
2026-08-21T13:59:14,PathD_50ms,123.09,VIP,154.605,0.0,1
2026-08-21T13:59:14,PathD_50ms,123.09,MEDIUM,356.504,40.0,1
2026-08-21T13:59:14,PathD_50ms,123.09,LOW,755.569,20.0,1
2026-08-21T13:59:15,PathD_50ms,123.09,VIP,157.201,0.0,1
2026-08-21T13:59:15,PathD_50ms,123.09,MEDIUM,162.266,20.0,1
2026-08-21T13:59:15,PathD_50ms,123.09,LOW,156.093,0.0,0
2026-08-21T13:59:17,PathD_50ms,112.5,VIP,155.259,20.0,1
2026-08-21T13:59:17,PathD_50ms,112.5,MEDIUM,155.687,0.0,1
2026-08-21T13:59:17,PathD_50ms,112.5,LOW,215.791,0.0,0
2026-08-21T13:59:18,PathD_50ms,112.5,VIP,154.241,0.0,1
2026-08-21T13:59:18,PathD_50ms,112.5,MEDIUM,355.843,40.0,1
2026-08-21T13:59:18,PathD_50ms,112.5,LOW,453.682,0.0,0
2026-08-21T13:59:20,PathD_50ms,116.26,VIP,154.767,0.0,1
2026-08-21T13:59:20,PathD_50ms,116.26,MEDIUM,356.905,20.0,1
2026-08-21T13:59:20,PathD_50ms,116.26,LOW,154.652,0.0,0
2026-08-21T13:59:21,PathD_50ms,126.11,VIP,157.295,0.0,1
2026-08-21T13:59:21,PathD_50ms,126.11,MEDIUM,156.777,0.0,1
2026-08-21T13:59:21,PathD_50ms,126.11,LOW,416.481,0.0,0
2026-08-21T13:59:24,PathD_50ms,119.25,VIP,155.071,0.0,1
2026-08-21T13:59:24,PathD_50ms,119.25,MEDIUM,320.312,60.0,1
2026-08-21T13:59:24,PathD_50ms,119.25,LOW,421.316,40.0,1
2026-08-21T13:59:26,PathD_50ms,119.25,VIP,154.245,0.0,1
2026-08-21T13:59:26,PathD_50ms,119.25,MEDIUM,355.737,40.0,1
2026-08-21T13:59:26,PathD_50ms,119.25,LOW,183.852,0.0,0
2026-08-21T13:59:27,PathD_50ms,119.25,VIP,154.156,0.0,1
2026-08-21T13:59:27,PathD_50ms,119.25,MEDIUM,162.995,20.0,1
2026-08-21T13:59:27,PathD_50ms,119.25,LOW,245.681,0.0,0
2026-08-21T13:59:28,PathD_50ms,110.24,VIP,154.161,0.0,1
2026-08-21T13:59:28,PathD_50ms,110.24,MEDIUM,162.264,0.0,1
2026-08-21T13:59:28,PathD_50ms,110.24,LOW,293.729,0.0,0
2026-08-21T13:59:30,PathD_50ms,110.24,VIP,154.231,0.0,1
2026-08-21T13:59:30,PathD_50ms,110.24,MEDIUM,355.738,20.0,1
2026-08-21T13:59:30,PathD_50ms,110.24,LOW,335.185,20.0,1
2026-08-21T13:59:32,PathD_50ms,110.48,VIP,156.792,0.0,1
2026-08-21T13:59:32,PathD_50ms,110.48,MEDIUM,355.71,40.0,1
2026-08-21T13:59:32,PathD_50ms,110.48,LOW,156.815,0.0,0
2026-08-21T13:59:33,PathD_50ms,110.48,VIP,154.211,20.0,1
2026-08-21T13:59:33,PathD_50ms,110.48,MEDIUM,355.813,20.0,1
2026-08-21T13:59:33,PathD_50ms,110.48,LOW,180.406,0.0,0
2026-08-21T13:59:34,PathD_50ms,110.48,VIP,159.979,0.0,1
2026-08-21T13:59:34,PathD_50ms,110.48,MEDIUM,160.73,0.0,1
2026-08-21T13:59:34,PathD_50ms,110.48,LOW,196.319,0.0,0
2026-08-21T13:59:35,PathD_50ms,119.49,VIP,156.867,0.0,1
2026-08-21T13:59:35,PathD_50ms,119.49,MEDIUM,156.864,0.0,1
2026-08-21T13:59:35,PathD_50ms,119.49,LOW,158.177,0.0,0
2026-08-21T13:59:37,PathD_50ms,123.34,VIP,154.607,0.0,1
2026-08-21T13:59:37,PathD_50ms,123.34,MEDIUM,303.865,20.0,1
2026-08-21T13:59:37,PathD_50ms,123.34,LOW,204.388,0.0,0
2026-08-21T13:59:38,PathD_50ms,123.34,VIP,155.347,0.0,1
2026-08-21T13:59:38,PathD_50ms,123.34,MEDIUM,241.949,20.0,1
2026-08-21T13:59:38,PathD_50ms,123.34,LOW,597.709,0.0,1
2026-08-21T13:59:41,PathD_50ms,108.53,VIP,154.756,0.0,1
2026-08-21T13:59:41,PathD_50ms,108.53,MEDIUM,154.891,20.0,1
2026-08-21T13:59:41,PathD_50ms,108.53,LOW,758.507,60.0,1
2026-08-21T13:59:43,PathD_50ms,108.53,VIP,154.357,20.0,1
2026-08-21T13:59:43,PathD_50ms,108.53,MEDIUM,355.963,60.0,1
2026-08-21T13:59:43,PathD_50ms,108.53,LOW,637.686,20.0,1
2026-08-21T13:59:44,PathD_50ms,107.69,VIP,154.181,20.0,1
2026-08-21T13:59:44,PathD_50ms,107.69,MEDIUM,154.223,0.0,1
2026-08-21T13:59:44,PathD_50ms,107.69,LOW,246.776,0.0,0
2026-08-21T13:59:46,PathD_50ms,122.5,VIP,154.274,0.0,1
2026-08-21T13:59:46,PathD_50ms,122.5,MEDIUM,219.443,40.0,1
2026-08-21T13:59:46,PathD_50ms,122.5,LOW,508.675,0.0,1
2026-08-21T13:59:48,PathD_50ms,122.5,VIP,154.65,0.0,1
2026-08-21T13:59:48,PathD_50ms,122.5,MEDIUM,355.629,60.0,1
2026-08-21T13:59:48,PathD_50ms,122.5,LOW,441.942,0.0,0
2026-08-21T13:59:49,PathD_50ms,119.62,VIP,155.228,0.0,1
2026-08-21T13:59:49,PathD_50ms,119.62,MEDIUM,356.87,60.0,1
2026-08-21T13:59:49,PathD_50ms,119.62,LOW,161.269,0.0,0
2026-08-21T13:59:51,PathD_50ms,119.62,VIP,156.885,0.0,1
2026-08-21T13:59:51,PathD_50ms,119.62,MEDIUM,190.281,20.0,1
2026-08-21T13:59:51,PathD_50ms,119.62,LOW,244.513,0.0,0
2026-08-21T13:59:52,PathD_50ms,119.62,VIP,154.412,0.0,1
2026-08-21T13:59:52,PathD_50ms,119.62,MEDIUM,180.769,0.0,1
2026-08-21T13:59:52,PathD_50ms,119.62,LOW,330.83,0.0,0
2026-08-21T13:59:54,PathD_50ms,119.62,VIP,154.951,0.0,1
2026-08-21T13:59:54,PathD_50ms,119.62,MEDIUM,355.878,60.0,1
2026-08-21T13:59:54,PathD_50ms,119.62,LOW,240.141,0.0,0
2026-08-21T13:59:56,PathD_50ms,119.96,VIP,154.156,0.0,1
2026-08-21T13:59:56,PathD_50ms,119.96,MEDIUM,355.823,60.0,1
2026-08-21T13:59:56,PathD_50ms,119.96,LOW,155.123,0.0,0
2026-08-21T13:59:58,PathD_50ms,118.48,VIP,154.184,0.0,1
2026-08-21T13:59:58,PathD_50ms,118.48,MEDIUM,181.936,0.0,1
2026-08-21T13:59:58,PathD_50ms,118.48,LOW,347.937,0.0,0
2026-08-21T13:59:59,PathD_50ms,118.48,VIP,155.136,0.0,1
2026-08-21T13:59:59,PathD_50ms,118.48,MEDIUM,355.763,60.0,1
2026-08-21T13:59:59,PathD_50ms,118.48,LOW,444.881,0.0,0
2026-08-21T14:00:01,PathD_50ms,118.48,VIP,155.36,0.0,1
2026-08-21T14:00:01,PathD_50ms,118.48,MEDIUM,360.452,40.0,1
2026-08-21T14:00:01,PathD_50ms,118.48,LOW,518.433,0.0,1
2026-08-21T14:00:03,PathD_50ms,126.79,VIP,155.363,0.0,1
2026-08-21T14:00:03,PathD_50ms,126.79,MEDIUM,356.709,80.0,1
2026-08-21T14:00:03,PathD_50ms,126.79,LOW,155.265,0.0,0
2026-08-21T14:00:04,PathD_50ms,128.27,VIP,154.338,0.0,1
2026-08-21T14:00:04,PathD_50ms,128.27,MEDIUM,154.338,0.0,1
2026-08-21T14:00:04,PathD_50ms,128.27,LOW,652.994,0.0,1
2026-08-21T14:00:07,PathD_50ms,128.27,VIP,154.522,0.0,1
2026-08-21T14:00:07,PathD_50ms,128.27,MEDIUM,337.346,20.0,1
2026-08-21T14:00:07,PathD_50ms,128.27,LOW,758.714,60.0,1
2026-08-21T14:00:08,PathD_50ms,128.27,VIP,158.367,0.0,1
2026-08-21T14:00:08,PathD_50ms,128.27,MEDIUM,162.387,0.0,1
2026-08-21T14:00:08,PathD_50ms,128.27,LOW,161.949,0.0,0
2026-08-21T14:00:09,PathD_50ms,101.92,VIP,155.208,0.0,1
2026-08-21T14:00:09,PathD_50ms,101.92,MEDIUM,164.857,0.0,1
2026-08-21T14:00:09,PathD_50ms,101.92,LOW,155.396,0.0,0
2026-08-21T14:00:10,PathD_50ms,101.92,VIP,155.926,0.0,1
2026-08-21T14:00:10,PathD_50ms,101.92,MEDIUM,347.575,0.0,1
2026-08-21T14:00:10,PathD_50ms,101.92,LOW,155.811,0.0,0
2026-08-21T14:00:12,PathD_50ms,101.92,VIP,154.21,0.0,1
2026-08-21T14:00:12,PathD_50ms,101.92,MEDIUM,355.843,40.0,1
2026-08-21T14:00:12,PathD_50ms,101.92,LOW,154.326,0.0,0
2026-08-21T14:00:14,PathD_50ms,101.92,VIP,154.239,0.0,1
2026-08-21T14:00:14,PathD_50ms,101.92,MEDIUM,355.721,40.0,1
2026-08-21T14:00:14,PathD_50ms,101.92,LOW,154.192,0.0,0
2026-08-21T14:00:15,PathD_50ms,101.89,VIP,155.751,0.0,1
2026-08-21T14:00:15,PathD_50ms,101.89,MEDIUM,242.443,0.0,1
2026-08-21T14:00:15,PathD_50ms,101.89,LOW,155.826,0.0,0
2026-08-21T14:00:16,PathD_50ms,101.89,VIP,154.596,0.0,1
2026-08-21T14:00:16,PathD_50ms,101.89,MEDIUM,154.8,0.0,1
2026-08-21T14:00:16,PathD_50ms,101.89,LOW,154.545,0.0,0
2026-08-21T14:00:17,PathD_50ms,115.81,VIP,154.65,0.0,1
2026-08-21T14:00:17,PathD_50ms,115.81,MEDIUM,253.167,0.0,1
2026-08-21T14:00:17,PathD_50ms,115.81,LOW,154.65,0.0,0
2026-08-21T14:00:19,PathD_50ms,115.81,VIP,154.348,0.0,1
2026-08-21T14:00:19,PathD_50ms,115.81,MEDIUM,355.708,60.0,1
2026-08-21T14:00:19,PathD_50ms,115.81,LOW,154.371,0.0,0
2026-08-21T14:00:20,PathD_50ms,114.73,VIP,155.455,0.0,1
2026-08-21T14:00:20,PathD_50ms,114.73,MEDIUM,356.779,20.0,1
2026-08-21T14:00:20,PathD_50ms,114.73,LOW,155.29,0.0,0
2026-08-21T14:00:21,PathD_50ms,114.73,VIP,154.171,20.0,1
2026-08-21T14:00:21,PathD_50ms,114.73,MEDIUM,168.189,0.0,1
2026-08-21T14:00:21,PathD_50ms,114.73,LOW,154.21,0.0,0
2026-08-21T14:00:22,PathD_50ms,95.14,VIP,154.222,0.0,1
2026-08-21T14:00:22,PathD_50ms,95.14,MEDIUM,160.117,0.0,1
2026-08-21T14:00:22,PathD_50ms,95.14,LOW,154.246,0.0,0
2026-08-21T14:00:24,PathD_50ms,95.14,VIP,155.093,0.0,1
2026-08-21T14:00:24,PathD_50ms,95.14,MEDIUM,310.657,60.0,1
2026-08-21T14:00:24,PathD_50ms,95.14,LOW,155.093,0.0,0
2026-08-21T14:00:25,PathD_50ms,95.14,VIP,154.227,0.0,1
2026-08-21T14:00:25,PathD_50ms,95.14,MEDIUM,216.944,0.0,1
2026-08-21T14:00:25,PathD_50ms,95.14,LOW,154.227,0.0,0
2026-08-21T14:00:26,PathD_50ms,95.14,VIP,156.038,0.0,1
2026-08-21T14:00:26,PathD_50ms,95.14,MEDIUM,155.942,0.0,1
2026-08-21T14:00:26,PathD_50ms,95.14,LOW,156.038,0.0,0
2026-08-21T14:00:28,PathD_50ms,91.73,VIP,154.888,0.0,1
2026-08-21T14:00:28,PathD_50ms,91.73,MEDIUM,259.609,20.0,1
2026-08-21T14:00:28,PathD_50ms,91.73,LOW,154.821,0.0,0
2026-08-21T14:00:29,PathD_50ms,89.04,VIP,154.175,20.0,1
2026-08-21T14:00:29,PathD_50ms,89.04,MEDIUM,355.753,40.0,1
2026-08-21T14:00:29,PathD_50ms,89.04,LOW,154.218,0.0,0
2026-08-21T14:00:31,PathD_50ms,89.04,VIP,154.185,0.0,1
2026-08-21T14:00:31,PathD_50ms,89.04,MEDIUM,355.801,40.0,1
2026-08-21T14:00:31,PathD_50ms,89.04,LOW,154.198,0.0,0
2026-08-21T14:00:32,PathD_50ms,89.04,VIP,156.219,0.0,1
2026-08-21T14:00:32,PathD_50ms,89.04,MEDIUM,220.038,60.0,1
2026-08-21T14:00:32,PathD_50ms,89.04,LOW,156.226,0.0,0
2026-08-21T14:00:33,PathD_50ms,102.94,VIP,156.549,0.0,1
2026-08-21T14:00:33,PathD_50ms,102.94,MEDIUM,156.512,0.0,1
2026-08-21T14:00:33,PathD_50ms,102.94,LOW,156.513,0.0,0
2026-08-21T14:00:35,PathD_50ms,102.94,VIP,154.494,0.0,1
2026-08-21T14:00:35,PathD_50ms,102.94,MEDIUM,297.103,40.0,1
2026-08-21T14:00:35,PathD_50ms,102.94,LOW,154.488,0.0,0
2026-08-21T14:00:36,PathD_50ms,102.94,VIP,155.768,0.0,1
2026-08-21T14:00:36,PathD_50ms,102.94,MEDIUM,198.425,40.0,1
2026-08-21T14:00:36,PathD_50ms,102.94,LOW,155.632,0.0,0
2026-08-21T14:00:37,PathD_50ms,102.94,VIP,154.735,0.0,1
2026-08-21T14:00:37,PathD_50ms,102.94,MEDIUM,154.82,0.0,1
2026-08-21T14:00:37,PathD_50ms,102.94,LOW,154.86,0.0,0
2026-08-21T14:00:39,PathD_50ms,97.08,VIP,154.519,0.0,1
2026-08-21T14:00:39,PathD_50ms,97.08,MEDIUM,235.598,20.0,1
2026-08-21T14:00:39,PathD_50ms,97.08,LOW,154.561,0.0,0
2026-08-21T14:00:40,PathD_50ms,97.08,VIP,154.898,0.0,1
2026-08-21T14:00:40,PathD_50ms,97.08,MEDIUM,356.81,20.0,1
2026-08-21T14:00:40,PathD_50ms,97.08,LOW,154.911,0.0,0
2026-08-21T14:00:42,PathD_50ms,97.69,VIP,154.173,0.0,1
2026-08-21T14:00:42,PathD_50ms,97.69,MEDIUM,355.871,80.0,1
2026-08-21T14:00:42,PathD_50ms,97.69,LOW,154.215,0.0,0
2026-08-21T14:00:44,PathD_50ms,97.69,VIP,154.18,0.0,1
2026-08-21T14:00:44,PathD_50ms,97.69,MEDIUM,255.453,40.0,1
2026-08-21T14:00:44,PathD_50ms,97.69,LOW,154.193,0.0,0
2026-08-21T14:00:45,PathD_50ms,97.69,VIP,154.195,0.0,1
2026-08-21T14:00:45,PathD_50ms,97.69,MEDIUM,154.182,0.0,1
2026-08-21T14:00:45,PathD_50ms,97.69,LOW,154.202,0.0,0
2026-08-21T14:00:46,PathD_50ms,83.92,VIP,154.283,0.0,1
2026-08-21T14:00:46,PathD_50ms,83.92,MEDIUM,250.827,0.0,1
2026-08-21T14:00:46,PathD_50ms,83.92,LOW,154.285,0.0,0
2026-08-21T14:00:47,PathD_50ms,83.92,VIP,154.61,0.0,1
2026-08-21T14:00:47,PathD_50ms,83.92,MEDIUM,355.966,0.0,1
2026-08-21T14:00:47,PathD_50ms,83.92,LOW,154.633,0.0,0
2026-08-21T14:00:49,PathD_50ms,82.74,VIP,154.302,0.0,1
2026-08-21T14:00:49,PathD_50ms,82.74,MEDIUM,355.753,20.0,1
2026-08-21T14:00:49,PathD_50ms,82.74,LOW,154.206,0.0,0
2026-08-21T14:00:50,PathD_50ms,82.74,VIP,154.268,20.0,1
2026-08-21T14:00:50,PathD_50ms,82.74,MEDIUM,194.491,0.0,1
2026-08-21T14:00:50,PathD_50ms,82.74,LOW,154.23,40.0,1
2026-08-21T14:00:51,PathD_50ms,82.74,VIP,158.502,0.0,1
2026-08-21T14:00:51,PathD_50ms,82.74,MEDIUM,158.378,0.0,1
2026-08-21T14:00:51,PathD_50ms,82.74,LOW,156.324,0.0,0
2026-08-21T14:00:52,PathD_50ms,83.99,VIP,155.903,0.0,1
2026-08-21T14:00:52,PathD_50ms,83.99,MEDIUM,266.599,0.0,1
2026-08-21T14:00:52,PathD_50ms,83.99,LOW,156.306,20.0,1
2026-08-21T14:00:54,PathD_50ms,83.99,VIP,155.46,20.0,1
2026-08-21T14:00:54,PathD_50ms,83.99,MEDIUM,355.937,60.0,1
2026-08-21T14:00:54,PathD_50ms,83.99,LOW,154.735,0.0,0
2026-08-21T14:00:55,PathD_50ms,83.99,VIP,154.233,0.0,1
2026-08-21T14:00:55,PathD_50ms,83.99,MEDIUM,357.12,20.0,1
2026-08-21T14:00:55,PathD_50ms,83.99,LOW,154.223,0.0,0
2026-08-21T14:00:56,PathD_50ms,83.99,VIP,158.066,0.0,1
2026-08-21T14:00:56,PathD_50ms,83.99,MEDIUM,157.973,0.0,1
2026-08-21T14:00:56,PathD_50ms,83.99,LOW,157.97,0.0,0
2026-08-21T14:00:58,PathD_50ms,112.93,VIP,155.711,0.0,1
2026-08-21T14:00:58,PathD_50ms,112.93,MEDIUM,204.681,0.0,1
2026-08-21T14:00:58,PathD_50ms,112.93,LOW,155.711,0.0,0
2026-08-21T14:00:59,PathD_50ms,112.93,VIP,154.183,0.0,1
2026-08-21T14:00:59,PathD_50ms,112.93,MEDIUM,355.604,40.0,1
2026-08-21T14:00:59,PathD_50ms,112.93,LOW,154.19,0.0,0
2026-08-21T14:01:01,PathD_50ms,112.93,VIP,154.178,0.0,1
2026-08-21T14:01:01,PathD_50ms,112.93,MEDIUM,327.917,20.0,1
2026-08-21T14:01:01,PathD_50ms,112.93,LOW,154.179,0.0,0
2026-08-21T14:01:02,PathD_50ms,112.93,VIP,157.429,0.0,1
2026-08-21T14:01:02,PathD_50ms,112.93,MEDIUM,157.429,0.0,1
2026-08-21T14:01:02,PathD_50ms,112.93,LOW,157.403,0.0,0
2026-08-21T14:01:03,PathD_50ms,90.05,VIP,154.836,0.0,1
2026-08-21T14:01:03,PathD_50ms,90.05,MEDIUM,190.534,0.0,1
2026-08-21T14:01:03,PathD_50ms,90.05,LOW,154.823,0.0,0
2026-08-21T14:01:05,PathD_50ms,90.05,VIP,154.225,0.0,1
2026-08-21T14:01:05,PathD_50ms,90.05,MEDIUM,355.627,20.0,1
2026-08-21T14:01:05,PathD_50ms,90.05,LOW,154.262,0.0,0
2026-08-21T14:01:06,PathD_50ms,90.05,VIP,154.342,0.0,1
2026-08-21T14:01:06,PathD_50ms,90.05,MEDIUM,355.833,40.0,1
2026-08-21T14:01:06,PathD_50ms,90.05,LOW,154.237,0.0,0
2026-08-21T14:01:08,PathD_50ms,90.05,VIP,156.999,0.0,1
2026-08-21T14:01:08,PathD_50ms,90.05,MEDIUM,196.435,20.0,1
2026-08-21T14:01:08,PathD_50ms,90.05,LOW,156.979,0.0,0
2026-08-21T14:01:09,PathD_50ms,114.24,VIP,156.093,0.0,1
2026-08-21T14:01:09,PathD_50ms,114.24,MEDIUM,170.845,0.0,1
2026-08-21T14:01:09,PathD_50ms,114.24,LOW,156.375,0.0,0
2026-08-21T14:01:10,PathD_50ms,114.24,VIP,155.087,0.0,1
2026-08-21T14:01:10,PathD_50ms,114.24,MEDIUM,356.312,40.0,1
2026-08-21T14:01:10,PathD_50ms,114.24,LOW,155.097,0.0,0
2026-08-21T14:01:12,PathD_50ms,130.41,VIP,154.231,0.0,1
2026-08-21T14:01:12,PathD_50ms,130.41,MEDIUM,303.103,20.0,1
2026-08-21T14:01:12,PathD_50ms,130.41,LOW,155.1,0.0,0
2026-08-21T14:01:14,PathD_50ms,103.57,VIP,155.364,0.0,1
2026-08-21T14:01:14,PathD_50ms,103.57,MEDIUM,155.364,0.0,1
2026-08-21T14:01:14,PathD_50ms,103.57,LOW,718.144,40.0,1
2026-08-21T14:01:17,PathD_50ms,103.57,VIP,154.721,0.0,1
2026-08-21T14:01:17,PathD_50ms,103.57,MEDIUM,357.874,0.0,1
2026-08-21T14:01:17,PathD_50ms,103.57,LOW,761.27,60.0,1
2026-08-21T14:01:19,PathD_50ms,107.38,VIP,154.247,0.0,1
2026-08-21T14:01:19,PathD_50ms,107.38,MEDIUM,355.979,40.0,1
2026-08-21T14:01:19,PathD_50ms,107.38,LOW,370.013,20.0,1
2026-08-21T14:01:21,PathD_50ms,102.6,VIP,154.228,0.0,1
2026-08-21T14:01:21,PathD_50ms,102.6,MEDIUM,154.202,0.0,1
2026-08-21T14:01:21,PathD_50ms,102.6,LOW,759.177,40.0,1
2026-08-21T14:01:24,PathD_50ms,102.6,VIP,154.658,0.0,1
2026-08-21T14:01:24,PathD_50ms,102.6,MEDIUM,356.27,40.0,1
2026-08-21T14:01:24,PathD_50ms,102.6,LOW,758.58,80.0,1
2026-08-21T14:01:25,PathD_50ms,97.33,VIP,159.038,0.0,1
2026-08-21T14:01:25,PathD_50ms,97.33,MEDIUM,359.397,40.0,1
2026-08-21T14:01:25,PathD_50ms,97.33,LOW,159.595,0.0,0
2026-08-21T14:01:27,PathD_50ms,97.33,VIP,154.236,0.0,1
2026-08-21T14:01:27,PathD_50ms,97.33,MEDIUM,355.776,60.0,1
2026-08-21T14:01:27,PathD_50ms,97.33,LOW,539.509,0.0,1
2026-08-21T14:01:28,PathD_50ms,97.33,VIP,156.266,0.0,1
2026-08-21T14:01:28,PathD_50ms,97.33,MEDIUM,156.638,0.0,1
2026-08-21T14:01:28,PathD_50ms,97.33,LOW,438.483,0.0,0
2026-08-21T14:01:29,PathD_50ms,127.7,VIP,155.203,0.0,1
2026-08-21T14:01:29,PathD_50ms,127.7,MEDIUM,195.83,40.0,1
2026-08-21T14:01:29,PathD_50ms,127.7,LOW,155.431,20.0,1
2026-08-21T14:01:31,PathD_50ms,127.7,VIP,154.274,0.0,1
2026-08-21T14:01:31,PathD_50ms,127.7,MEDIUM,355.59,60.0,1
2026-08-21T14:01:31,PathD_50ms,127.7,LOW,592.645,40.0,1
2026-08-21T14:01:34,PathD_50ms,109.96,VIP,155.667,0.0,1
2026-08-21T14:01:34,PathD_50ms,109.96,MEDIUM,230.157,20.0,1
2026-08-21T14:01:34,PathD_50ms,109.96,LOW,,100.0,1
2026-08-21T14:01:36,PathD_50ms,100.81,VIP,158.907,0.0,1
2026-08-21T14:01:36,PathD_50ms,100.81,MEDIUM,356.385,60.0,1
2026-08-21T14:01:36,PathD_50ms,100.81,LOW,158.922,0.0,0
2026-08-21T14:01:38,PathD_50ms,100.81,VIP,154.263,0.0,1
2026-08-21T14:01:38,PathD_50ms,100.81,MEDIUM,355.85,60.0,1
2026-08-21T14:01:38,PathD_50ms,100.81,LOW,452.016,0.0,0
2026-08-21T14:01:39,PathD_50ms,100.81,VIP,154.479,0.0,1
2026-08-21T14:01:39,PathD_50ms,100.81,MEDIUM,356.592,60.0,1
2026-08-21T14:01:39,PathD_50ms,100.81,LOW,276.8,0.0,0
2026-08-21T14:01:40,PathD_50ms,101.87,VIP,155.286,0.0,1
2026-08-21T14:01:40,PathD_50ms,101.87,MEDIUM,220.843,0.0,1
2026-08-21T14:01:40,PathD_50ms,101.87,LOW,209.595,0.0,0
2026-08-21T14:01:42,PathD_50ms,107.02,VIP,154.158,0.0,1
2026-08-21T14:01:42,PathD_50ms,107.02,MEDIUM,154.168,0.0,1
2026-08-21T14:01:42,PathD_50ms,107.02,LOW,592.266,0.0,1
2026-08-21T14:01:44,PathD_50ms,107.02,VIP,154.32,0.0,1
2026-08-21T14:01:44,PathD_50ms,107.02,MEDIUM,355.86,40.0,1
2026-08-21T14:01:44,PathD_50ms,107.02,LOW,761.117,40.0,1
2026-08-21T14:01:45,PathD_50ms,107.02,VIP,156.455,0.0,1
2026-08-21T14:01:45,PathD_50ms,107.02,MEDIUM,155.909,0.0,1
2026-08-21T14:01:45,PathD_50ms,107.02,LOW,256.185,0.0,0
2026-08-21T14:01:47,PathD_50ms,110.43,VIP,154.73,0.0,1
2026-08-21T14:01:47,PathD_50ms,110.43,MEDIUM,248.384,20.0,1
2026-08-21T14:01:47,PathD_50ms,110.43,LOW,170.897,0.0,0
2026-08-21T14:01:49,PathD_50ms,110.43,VIP,154.403,0.0,1
2026-08-21T14:01:49,PathD_50ms,110.43,MEDIUM,355.579,80.0,1
2026-08-21T14:01:49,PathD_50ms,110.43,LOW,600.272,60.0,1
2026-08-21T14:01:51,PathD_50ms,122.48,VIP,157.19,0.0,1
2026-08-21T14:01:51,PathD_50ms,122.48,MEDIUM,357.046,60.0,1
2026-08-21T14:01:51,PathD_50ms,122.48,LOW,157.196,0.0,0
2026-08-21T14:01:53,PathD_50ms,128.98,VIP,154.958,0.0,1
2026-08-21T14:01:53,PathD_50ms,128.98,MEDIUM,154.913,0.0,1
2026-08-21T14:01:53,PathD_50ms,128.98,LOW,660.835,60.0,1
2026-08-21T14:01:56,PathD_50ms,128.98,VIP,154.221,0.0,1
2026-08-21T14:01:56,PathD_50ms,128.98,MEDIUM,359.246,80.0,1
2026-08-21T14:01:56,PathD_50ms,128.98,LOW,759.048,80.0,1
2026-08-21T14:01:57,PathD_50ms,128.32,VIP,155.57,0.0,1
2026-08-21T14:01:57,PathD_50ms,128.32,MEDIUM,356.95,20.0,1
2026-08-21T14:01:57,PathD_50ms,128.32,LOW,193.271,20.0,1
2026-08-21T14:02:00,PathD_50ms,138.55,VIP,154.187,0.0,1
2026-08-21T14:02:00,PathD_50ms,138.55,MEDIUM,175.387,0.0,1
2026-08-21T14:02:00,PathD_50ms,138.55,LOW,758.939,80.0,1
2026-08-21T14:02:02,PathD_50ms,138.55,VIP,154.18,0.0,1
2026-08-21T14:02:02,PathD_50ms,138.55,MEDIUM,355.778,20.0,1
2026-08-21T14:02:02,PathD_50ms,138.55,LOW,270.837,0.0,0
2026-08-21T14:02:03,PathD_50ms,134.09,VIP,154.229,0.0,1
2026-08-21T14:02:03,PathD_50ms,134.09,MEDIUM,356.604,20.0,1
2026-08-21T14:02:03,PathD_50ms,134.09,LOW,319.346,20.0,1
2026-08-21T14:02:06,PathD_50ms,134.09,VIP,154.281,20.0,1
2026-08-21T14:02:06,PathD_50ms,134.09,MEDIUM,356.86,40.0,1
2026-08-21T14:02:06,PathD_50ms,134.09,LOW,758.425,60.0,1
2026-08-21T14:02:09,PathD_50ms,134.88,VIP,154.155,0.0,1
2026-08-21T14:02:09,PathD_50ms,134.88,MEDIUM,154.161,0.0,1
2026-08-21T14:02:09,PathD_50ms,134.88,LOW,,100.0,1
2026-08-21T14:02:10,PathD_50ms,138.72,VIP,154.228,0.0,1
2026-08-21T14:02:10,PathD_50ms,138.72,MEDIUM,355.588,40.0,1
2026-08-21T14:02:10,PathD_50ms,138.72,LOW,274.581,40.0,1
2026-08-21T14:02:13,PathD_50ms,138.72,VIP,154.222,20.0,1
2026-08-21T14:02:13,PathD_50ms,138.72,MEDIUM,355.609,80.0,1
2026-08-21T14:02:13,PathD_50ms,138.72,LOW,758.982,60.0,1
2026-08-21T14:02:16,PathD_50ms,129.81,VIP,156.694,0.0,1
2026-08-21T14:02:16,PathD_50ms,129.81,MEDIUM,181.528,0.0,1
2026-08-21T14:02:16,PathD_50ms,129.81,LOW,607.1,40.0,1
2026-08-21T14:02:17,PathD_50ms,126.76,VIP,154.66,0.0,1
2026-08-21T14:02:17,PathD_50ms,126.76,MEDIUM,154.66,0.0,1
2026-08-21T14:02:17,PathD_50ms,126.76,LOW,377.706,20.0,1
2026-08-21T14:02:20,PathD_50ms,135.67,VIP,154.208,0.0,1
2026-08-21T14:02:20,PathD_50ms,135.67,MEDIUM,195.518,60.0,1
2026-08-21T14:02:20,PathD_50ms,135.67,LOW,758.886,80.0,1
2026-08-21T14:02:23,PathD_50ms,135.18,VIP,154.15,0.0,1
2026-08-21T14:02:23,PathD_50ms,135.18,MEDIUM,154.15,0.0,1
2026-08-21T14:02:23,PathD_50ms,135.18,LOW,710.364,60.0,1
2026-08-21T14:02:26,PathD_50ms,135.18,VIP,154.26,0.0,1
2026-08-21T14:02:26,PathD_50ms,135.18,MEDIUM,355.808,60.0,1
2026-08-21T14:02:26,PathD_50ms,135.18,LOW,522.253,20.0,1
2026-08-21T14:02:28,PathD_50ms,106.63,VIP,154.216,0.0,1
2026-08-21T14:02:28,PathD_50ms,106.63,MEDIUM,202.411,0.0,1
2026-08-21T14:02:28,PathD_50ms,106.63,LOW,759.04,80.0,1
2026-08-21T14:02:29,PathD_50ms,99.47,VIP,155.989,0.0,1
2026-08-21T14:02:29,PathD_50ms,99.47,MEDIUM,282.994,0.0,1
2026-08-21T14:02:29,PathD_50ms,99.47,LOW,171.505,0.0,0
2026-08-21T14:02:31,PathD_50ms,107.8,VIP,154.194,0.0,1
2026-08-21T14:02:31,PathD_50ms,107.8,MEDIUM,154.192,20.0,1
2026-08-21T14:02:31,PathD_50ms,107.8,LOW,522.176,20.0,1
2026-08-21T14:02:33,PathD_50ms,107.8,VIP,154.508,0.0,1
2026-08-21T14:02:33,PathD_50ms,107.8,MEDIUM,351.75,20.0,1
2026-08-21T14:02:33,PathD_50ms,107.8,LOW,271.97,0.0,0
2026-08-21T14:02:34,PathD_50ms,112.82,VIP,154.199,0.0,1
2026-08-21T14:02:34,PathD_50ms,112.82,MEDIUM,356.264,0.0,1
2026-08-21T14:02:34,PathD_50ms,112.82,LOW,217.52,0.0,0
2026-08-21T14:02:36,PathD_50ms,112.82,VIP,154.268,0.0,1
2026-08-21T14:02:36,PathD_50ms,112.82,MEDIUM,355.718,20.0,1
2026-08-21T14:02:36,PathD_50ms,112.82,LOW,736.579,60.0,1
2026-08-21T14:02:39,PathD_50ms,112.92,VIP,157.765,0.0,1
2026-08-21T14:02:39,PathD_50ms,112.92,MEDIUM,248.134,0.0,1
2026-08-21T14:02:39,PathD_50ms,112.92,LOW,758.939,80.0,1
